ğŸ“Š Analysis Report,timestamp
"ğŸ  **HOUSE PRICE PREDICTION REPORT**
â•â•â•â•â•â•â•â•â•â•â•â•â•â•â•â•â•â•â•â•â•â•â•â•â•â•â•â•â•â•â•â•â•â•â•â•â•â•â•
ğŸ’° **Estimated Price: $4,287,825.67**

ğŸ“Š **Analysis:**
â€¢ ğŸ’ Luxury - Exclusive premium property
â€¢ ğŸŒ‰ San Francisco Bay Area - High demand tech hub
â€¢ Confidence Level: ğŸ¯ Very High (85%+)

ğŸ” **Feature Impact:**
â€¢ Income Level: $8.3K (Impact: High)
â€¢ Property Age: 41.0 years
â€¢ Space: 7.0 rooms, 1.0 bedrooms
â€¢ Population Density: 322 people

ğŸ“ **Location: San Francisco Bay Area**
ğŸ“… **Generated: 2025-11-28 13:39:15**",2025-11-28 13:39:15.336277
"ğŸ  **HOUSE PRICE PREDICTION REPORT**
â•â•â•â•â•â•â•â•â•â•â•â•â•â•â•â•â•â•â•â•â•â•â•â•â•â•â•â•â•â•â•â•â•â•â•â•â•â•â•
ğŸ’° **Estimated Price: $4,130,768.25**

ğŸ“Š **Analysis:**
â€¢ ğŸ’ Luxury - Exclusive premium property
â€¢ ğŸ–ï¸ San Diego Region - Coastal lifestyle premium
â€¢ Confidence Level: ğŸ¯ Very High (85%+)

ğŸ” **Feature Impact:**
â€¢ Income Level: $5.6K (Impact: High)
â€¢ Property Age: 9.0 years
â€¢ Space: 7.8 rooms, 1.1 bedrooms
â€¢ Population Density: 485 people

ğŸ“ **Location: Los Angeles Area**
ğŸ“… **Generated: 2025-11-28 13:39:15**",2025-11-28 13:39:15.347199
"ğŸ  **HOUSE PRICE PREDICTION REPORT**
â•â•â•â•â•â•â•â•â•â•â•â•â•â•â•â•â•â•â•â•â•â•â•â•â•â•â•â•â•â•â•â•â•â•â•â•â•â•â•
ğŸ’° **Estimated Price: $4,005,945.70**

ğŸ“Š **Analysis:**
â€¢ ğŸ’ Luxury - Exclusive premium property
â€¢ â˜€ï¸ Los Angeles Area - Entertainment & business center
â€¢ Confidence Level: ğŸ¯ Very High (85%+)

ğŸ” **Feature Impact:**
â€¢ Income Level: $3.2K (Impact: High)
â€¢ Property Age: 34.0 years
â€¢ Space: 5.8 rooms, 1.1 bedrooms
â€¢ Population Density: 1,977 people

ğŸ“ **Location: Central Valley**
ğŸ“… **Generated: 2025-11-28 13:39:15**",2025-11-28 13:39:15.359411
"ğŸ  **HOUSE PRICE PREDICTION REPORT**
â•â•â•â•â•â•â•â•â•â•â•â•â•â•â•â•â•â•â•â•â•â•â•â•â•â•â•â•â•â•â•â•â•â•â•â•â•â•â•
ğŸ’° **Estimated Price: $4,221,883.33**

ğŸ“Š **Analysis:**
â€¢ ğŸ’ Luxury - Exclusive premium property
â€¢ ğŸ–ï¸ San Diego Region - Coastal lifestyle premium
â€¢ Confidence Level: ğŸ¯ Very High (85%+)

ğŸ” **Feature Impact:**
â€¢ Income Level: $7.3K (Impact: High)
â€¢ Property Age: 15.0 years
â€¢ Space: 8.3 rooms, 1.4 bedrooms
â€¢ Population Density: 1,151 people

ğŸ“ **Location: San Diego**
ğŸ“… **Generated: 2025-11-28 13:39:15**",2025-11-28 13:39:15.369654
